id,predicted_positions
0,"[5, 10, 12]"
1,"[3, 6, 10]"
2,"[4, 12, 20]"
3,"[5, 10, 18]"
4,"[5, 10]"
5,"[6, 14]"
6,"[5, 14, 19]"
7,"[3, 12, 15]"
8,"[6, 13, 16]"
9,"[5, 12]"
10,"[3, 11]"
11,"[5, 18]"
12,"[6, 12]"
13,"[5, 11]"
14,"[3, 13, 15]"
15,"[4, 9, 11, 21]"
16,"[5, 8]"
17,"[3, 10, 12]"
18,"[5, 9, 17]"
19,"[5, 9]"
20,"[3, 13]"
21,"[4, 7, 11, 14, 18]"
22,"[5, 11]"
23,"[3, 9, 14]"
24,"[5, 12, 18]"
25,"[5, 16]"
26,"[3, 10, 17]"
27,"[8, 11, 13, 15]"
28,"[5, 15, 21]"
29,"[3, 10, 18]"
30,"[5, 11]"
31,"[5, 14]"
32,"[3, 8, 10, 14]"
33,"[4, 12, 19]"
34,"[5, 16]"
35,"[3, 8]"
36,"[5, 12, 20, 23]"
37,[5]
38,"[3, 13, 15]"
39,"[4, 11, 14]"
40,"[5, 14]"
41,"[3, 11]"
42,"[5, 10]"
43,"[5, 11]"
44,"[3, 9]"
45,"[4, 12]"
46,"[5, 11]"
47,"[3, 9, 16]"
48,"[5, 8, 10]"
49,"[5, 11]"
50,"[3, 9]"
51,"[7, 10, 13]"
52,"[5, 12]"
53,"[3, 10]"
54,"[5, 9]"
55,"[5, 10, 12]"
56,"[3, 10, 13, 15, 17]"
57,"[4, 8]"
58,"[5, 15, 21]"
59,"[3, 10, 22]"
60,"[5, 12]"
61,"[5, 10]"
62,"[3, 10, 12, 22]"
63,"[4, 12, 15]"
64,"[5, 16]"
65,"[3, 9]"
66,"[5, 15, 21]"
67,"[5, 14]"
68,"[3, 13, 17]"
69,"[4, 7, 11]"
70,"[5, 12]"
71,"[3, 9, 17]"
72,"[5, 9]"
73,"[5, 11]"
74,"[3, 11, 13, 23]"
75,"[4, 9, 11]"
76,"[5, 14]"
77,"[3, 8, 13]"
78,"[5, 12]"
79,"[5, 18]"
80,"[3, 6, 10, 13]"
81,"[6, 12]"
82,"[5, 16]"
83,"[3, 9, 11, 17]"
84,"[5, 11]"
85,"[5, 12]"
86,"[3, 8, 10, 13, 18]"
87,"[4, 12]"
88,"[5, 14]"
89,"[3, 10, 12, 19]"
90,"[5, 8, 10]"
91,[5]
92,"[3, 10, 12, 16]"
93,"[4, 12, 15]"
94,"[5, 13]"
95,"[3, 9]"
96,"[5, 18]"
97,"[3, 8, 11]"
98,"[5, 12]"
99,"[6, 11, 16, 22]"
100,"[3, 8, 14, 18, 25]"
101,"[5, 13, 15, 18, 22]"
102,"[5, 11, 14, 19]"
103,"[3, 14, 16, 25, 28]"
104,"[4, 12, 16]"
105,"[5, 12, 17, 20]"
106,"[3, 6, 9, 12, 24, 29]"
107,"[5, 14, 19, 22, 30]"
108,"[5, 10, 16, 19]"
109,"[3, 10, 19]"
110,"[4, 9, 17]"
111,"[5, 12, 22, 25]"
112,"[3, 9, 12, 15]"
113,"[5, 13, 19]"
114,"[5, 13, 20]"
115,"[3, 15, 17, 24]"
116,"[4, 10, 20, 27]"
117,"[5, 18, 23, 26, 30]"
118,"[3, 13, 15, 22, 24]"
119,"[5, 7, 12, 18, 26]"
120,"[5, 11, 14, 17, 19]"
121,"[3, 9, 12, 21]"
122,"[4, 12, 19]"
123,"[5, 9, 15]"
124,"[3, 8, 11, 19]"
125,"[5, 12, 20, 25]"
126,"[5, 11, 25, 27]"
127,"[3, 10, 12, 15]"
128,"[4, 12, 20]"
129,"[5, 9, 14, 21, 26]"
130,"[3, 8, 12, 19]"
131,"[5, 14, 17, 25]"
132,"[5, 9, 12, 17, 19]"
133,"[3, 11, 13]"
134,"[4, 9, 11, 17]"
135,"[5, 19, 22, 25]"
136,"[3, 14]"
137,"[8, 14, 17]"
138,"[5, 14]"
139,"[3, 14, 20]"
140,"[4, 10, 13, 17, 19]"
141,"[5, 13, 22]"
142,"[3, 12, 14, 17]"
143,"[5, 11, 18, 24]"
144,"[5, 12, 14, 16]"
145,"[3, 13, 20, 22]"
146,"[4, 8, 10, 17, 21]"
147,"[5, 8, 20]"
148,"[3, 12, 14]"
149,"[5, 11, 16]"
150,"[5, 11, 25]"
151,"[3, 11, 14]"
152,"[4, 13, 18]"
153,"[5, 11, 16, 21]"
154,"[3, 8]"
155,"[5, 14, 20]"
156,"[5, 12, 14, 18]"
157,"[3, 8, 10, 14, 16]"
158,"[4, 10, 12]"
159,"[5, 14, 17, 21]"
160,"[3, 12]"
161,"[5, 13, 16]"
162,"[5, 11, 16]"
163,"[3, 8]"
164,"[4, 10, 18, 20]"
165,"[5, 7]"
166,"[3, 6, 13]"
167,"[5, 10]"
168,"[5, 14]"
169,"[3, 9, 12]"
170,"[4, 9, 15, 17]"
171,"[5, 12]"
172,"[3, 13, 15]"
173,"[5, 9]"
174,"[5, 10]"
175,"[3, 7, 9, 12, 19]"
176,"[4, 13, 19]"
177,"[3, 11, 14, 19, 22]"
178,"[5, 13]"
179,"[5, 10]"
180,"[3, 12, 18]"
181,"[4, 13, 17, 21]"
182,"[5, 11]"
183,"[3, 7, 11, 23]"
184,"[5, 9, 11, 14]"
185,"[5, 11, 15]"
186,"[3, 6, 13, 15]"
187,"[4, 6, 13]"
188,"[5, 12]"
189,"[3, 13, 20]"
190,"[5, 12]"
191,"[5, 9, 11]"
192,"[3, 6, 16]"
193,"[4, 8, 11, 14, 16]"
194,"[5, 16]"
195,"[3, 12, 15]"
196,"[5, 13]"
197,"[5, 12, 17]"
198,"[3, 13, 15]"
199,"[4, 9, 11, 14]"
200,"[5, 11]"
201,"[3, 5, 7, 9]"
202,"[5, 7, 11]"
203,"[5, 11, 14, 17]"
204,"[3, 9]"
205,"[4, 12]"
206,"[5, 11, 14]"
207,"[3, 6, 15]"
208,"[5, 12]"
209,"[5, 13]"
210,"[3, 7, 11, 13]"
211,"[4, 13]"
212,"[5, 11, 14]"
213,"[3, 5, 9, 12]"
214,"[5, 10, 20]"
215,"[5, 15]"
216,"[3, 10, 14]"
217,"[4, 10, 15, 17]"
218,"[5, 10]"
219,"[3, 14]"
220,"[5, 10, 12]"
221,"[5, 10, 15]"
222,"[4, 7, 11]"
223,"[5, 11, 13]"
224,"[3, 8, 11, 14]"
225,"[5, 11]"
226,"[5, 9]"
227,"[3, 8, 11, 13]"
228,"[4, 11, 16]"
229,"[5, 12, 15]"
230,"[3, 8, 12]"
231,"[5, 17]"
232,"[3, 8, 14]"
233,"[4, 12]"
234,"[5, 10, 12]"
235,"[3, 8]"
236,"[5, 11]"
237,"[5, 11]"
238,"[3, 7]"
239,"[4, 7, 9]"
240,"[5, 15]"
241,"[3, 15]"
242,"[5, 14, 16]"
243,"[5, 11]"
244,"[3, 9]"
245,"[4, 11]"
246,"[5, 10, 12]"
247,"[4, 12]"
248,"[3, 9]"
249,"[5, 11]"
250,"[5, 14]"
251,"[3, 8, 10]"
252,"[6, 8, 11, 13]"
253,[5]
254,"[4, 8]"
255,[5]
256,"[3, 9, 12, 14]"
257,"[4, 7, 11, 13]"
258,"[5, 12]"
259,"[3, 9]"
260,"[5, 11, 19, 22]"
261,"[5, 14]"
262,"[3, 10, 12]"
263,"[4, 9]"
264,"[5, 12]"
265,"[3, 11]"
266,"[5, 9]"
267,"[5, 12]"
268,"[3, 8]"
269,"[4, 8, 10]"
270,"[5, 11]"
271,"[3, 9]"
272,"[5, 12]"
273,"[5, 18]"
274,"[3, 10, 13, 18]"
275,[4]
276,[5]
277,"[3, 9]"
278,"[5, 11, 14]"
279,"[3, 13, 15]"
280,"[4, 12]"
281,[5]
282,"[3, 14]"
283,"[5, 16]"
284,"[5, 14]"
285,"[3, 9]"
286,"[4, 7, 11, 14, 16]"
287,"[5, 12]"
288,"[3, 13, 17]"
289,"[5, 13]"
290,"[5, 13]"
291,"[3, 10, 12]"
292,"[4, 8]"
293,"[3, 19]"
294,"[5, 12]"
295,"[5, 10]"
296,"[3, 9]"
297,"[4, 10]"
298,"[5, 12]"
299,"[3, 9, 11, 21]"
300,"[5, 11]"
301,"[5, 10, 12]"
302,"[3, 8, 12]"
303,"[4, 12]"
304,"[5, 8, 11]"
305,"[3, 13]"
306,"[5, 11]"
307,"[5, 14]"
308,"[3, 13, 15, 20]"
309,"[4, 8]"
310,"[5, 12]"
311,"[3, 9]"
312,"[5, 12]"
313,"[5, 11, 17]"
314,"[3, 9, 16]"
315,"[4, 10, 13]"
316,"[5, 14]"
317,"[3, 8, 12]"
318,"[5, 12]"
319,"[5, 10]"
320,"[4, 7, 11, 14]"
321,"[5, 16]"
322,"[3, 8, 12]"
323,"[5, 11]"
324,"[3, 9]"
325,"[4, 8]"
326,"[5, 18]"
327,"[3, 11]"
328,"[5, 14]"
329,"[5, 12]"
330,"[3, 10]"
331,"[3, 13, 15]"
332,"[5, 10]"
333,"[5, 11, 14]"
334,"[3, 9, 15]"
335,"[5, 14]"
336,"[3, 9]"
337,"[6, 9]"
338,[4]
339,"[3, 9, 23]"
340,"[11, 14, 20, 28]"
341,"[4, 7]"
342,"[9, 11]"
343,"[6, 10]"
344,"[6, 9, 17]"
345,"[10, 13, 17, 20, 23]"
346,"[5, 9, 13]"
347,"[6, 11]"
348,"[6, 9, 11, 15]"
349,"[6, 17, 23]"
350,"[8, 18]"
351,"[5, 9, 12, 16, 19]"
352,"[4, 10, 18]"
353,"[3, 13, 15, 19]"
354,"[4, 12]"
355,"[5, 11, 18]"
356,"[5, 7, 10]"
357,"[3, 6, 9]"
358,"[8, 18]"
359,"[6, 11]"
360,"[5, 18]"
361,"[4, 8, 12, 17, 19]"
362,"[3, 6, 12]"
363,"[5, 12, 15]"
364,"[5, 10, 16]"
365,"[3, 10, 12, 19]"
366,"[4, 10, 12]"
367,[6]
368,"[3, 11]"
369,"[6, 8, 12, 18]"
370,"[3, 9, 19]"
371,"[6, 13, 20, 22]"
372,"[7, 10]"
373,"[8, 14, 17]"
374,"[6, 10]"
375,"[3, 7, 12, 15, 17]"
376,"[3, 8, 15]"
377,"[8, 11, 17]"
378,"[3, 10]"
379,"[5, 9, 11]"
380,"[5, 16]"
381,"[6, 8]"
382,"[7, 9, 13]"
383,"[4, 7, 11, 14]"
384,"[4, 8, 12]"
385,"[12, 17, 21, 24]"
386,"[5, 7]"
387,"[3, 8, 11, 13, 16]"
388,"[6, 12]"
389,"[4, 10, 16, 19]"
390,"[3, 13, 15]"
391,"[4, 12]"
392,[11]
393,"[6, 12]"
394,"[5, 9]"
395,"[6, 12, 17]"
396,"[6, 10]"
397,"[4, 10]"
398,"[5, 11]"
399,"[5, 12, 16]"
400,"[6, 10, 16]"
401,"[4, 10]"
402,"[6, 12]"
403,[4]
404,"[4, 14, 17]"
405,"[3, 8, 10, 13, 15]"
406,"[8, 13]"
407,"[10, 15]"
408,"[5, 12]"
409,"[6, 12]"
410,"[3, 7, 11]"
411,"[5, 11]"
412,"[5, 10]"
413,"[8, 17]"
414,"[4, 10, 19]"
415,"[6, 12, 20]"
416,"[3, 6, 11, 14]"
417,"[6, 14, 19]"
418,"[3, 9, 11]"
419,"[7, 11]"
420,"[4, 8, 12]"
421,"[4, 12, 14]"
422,"[3, 7, 10]"
423,[6]
424,"[3, 11, 14, 16]"
425,"[5, 11]"
426,"[3, 8, 10]"
427,[6]
428,"[5, 12]"
429,"[3, 10]"
430,"[8, 14, 17, 20]"
431,"[10, 17]"
432,"[5, 11, 19]"
433,[7]
434,"[8, 11, 22, 25]"
435,"[3, 9, 11, 15, 17]"
436,"[6, 16, 19, 28]"
437,"[3, 8, 13, 16, 26]"
438,"[5, 9, 16, 24, 31]"
439,"[7, 11, 16, 20]"
440,"[4, 6, 11, 17]"
441,"[12, 17, 23]"
442,"[11, 14, 17, 20]"
443,"[10, 14]"
444,"[6, 17]"
445,"[7, 10, 12]"
446,"[9, 11]"
447,"[8, 10, 13, 18]"
448,"[9, 11, 14, 16]"
449,"[7, 12]"
450,"[4, 8, 13]"
451,"[4, 9, 12, 15]"
452,"[8, 13, 15, 18]"
453,"[5, 10, 12, 14]"
454,[9]
455,"[8, 11]"
456,"[8, 11]"
457,"[3, 6, 9, 14, 17, 23]"
458,"[9, 13, 16, 18, 22]"
459,"[10, 16]"
460,"[7, 9, 11, 13, 17, 21]"
461,"[7, 9]"
462,[7]
463,"[6, 14]"
464,"[4, 6, 8, 11]"
465,"[4, 9, 12]"
466,"[4, 6, 13, 15]"
467,"[11, 15, 21, 23, 25]"
468,"[9, 11, 17, 20]"
469,"[6, 11, 14, 18]"
470,"[6, 14, 19]"
471,"[4, 6, 9, 13, 16]"
472,[6]
473,"[5, 10, 14]"
474,"[5, 22]"
475,"[3, 13, 15]"
476,"[6, 12, 20]"
477,"[7, 10, 14, 17, 21]"
478,"[4, 10, 15, 17]"
479,"[6, 11]"
480,"[7, 10, 14]"
481,"[4, 6, 8, 11, 14, 18]"
482,"[4, 7, 10, 15, 17]"
483,[7]
484,[12]
485,"[7, 14, 17]"
486,"[4, 7, 11, 13, 18, 22]"
487,"[3, 6, 9, 17, 24]"
488,"[4, 13, 20, 23, 29]"
489,"[3, 6, 8, 11, 13, 21, 27]"
490,"[6, 9, 16]"
491,"[4, 8, 15]"
492,"[7, 17, 24]"
493,"[4, 12, 16, 19]"
494,"[5, 11, 14]"
495,"[4, 10, 18, 21]"
496,"[4, 10, 13, 19, 22]"
497,"[5, 8, 10, 14]"
498,"[6, 16, 19, 22, 25]"
499,"[5, 12]"
500,"[11, 17]"
501,"[11, 25, 27, 30]"
502,"[5, 8, 16, 18, 25]"
503,"[5, 8, 12, 17, 26]"
504,"[10, 12]"
505,"[6, 9, 12]"
506,"[9, 14]"
507,"[6, 9, 12]"
508,"[6, 12, 14, 18]"
509,"[6, 18]"
510,"[7, 11, 14, 17]"
511,"[5, 8, 10]"
512,[14]
513,[]
514,[14]
515,"[6, 8, 12, 14]"
516,"[6, 15]"
517,"[6, 8, 11, 16]"
518,"[7, 11, 15]"
519,"[6, 10, 13]"
520,"[6, 9, 15, 18]"
521,"[7, 9, 12, 15]"
522,"[5, 7, 9, 12, 15]"
523,"[3, 7, 9, 11, 17]"
524,"[6, 8, 10]"
525,"[4, 8, 10, 16, 24]"
526,"[6, 9, 13, 17, 19]"
527,"[3, 6, 9, 11, 15]"
528,"[3, 6, 8, 13, 15]"
529,"[4, 12, 14, 16, 18]"
530,"[4, 11, 17, 23, 27]"
531,"[6, 12, 14, 27, 31]"
532,"[5, 13, 19, 22, 24]"
533,"[6, 9, 12, 17, 20]"
534,"[3, 9]"
535,"[3, 5]"
536,"[6, 8, 10]"
537,"[4, 8, 10, 16, 22]"
538,"[6, 17, 22, 27]"
539,"[4, 7]"
540,[6]
541,"[6, 10]"
542,[11]
543,"[7, 11]"
544,"[6, 8]"
545,"[4, 6, 9]"
546,"[6, 8, 11]"
547,"[6, 10, 13, 15, 17, 19]"
548,"[6, 10, 13, 15, 18]"
549,[6]
550,[6]
551,[]
552,"[6, 8, 10, 12]"
553,"[5, 7]"
554,[8]
555,"[5, 7, 12, 15, 18, 26, 30]"
556,"[7, 11, 14, 17, 22]"
557,"[6, 9, 12, 22, 25, 28]"
558,"[9, 11, 14, 23, 27]"
559,"[10, 18, 23]"
560,"[6, 15, 23, 30, 34]"
561,"[8, 16, 27]"
562,"[4, 8, 12, 16, 19, 24]"
563,"[4, 17, 26]"
564,"[4, 22]"
565,"[16, 28]"
566,"[17, 19, 24]"
567,"[10, 17, 26]"
568,"[4, 8, 13, 18, 20]"
569,"[4, 8, 13, 18]"
570,"[6, 8, 10, 12, 16]"
571,"[6, 11, 20, 23, 25]"
572,"[6, 8, 11, 15, 20]"
573,"[4, 11, 14, 17, 26]"
574,"[4, 8, 14, 18, 27]"
575,"[9, 13, 17]"
576,"[5, 10]"
577,"[3, 10, 19, 21]"
578,"[4, 9, 11, 15, 21]"
579,"[11, 14, 22, 25]"
580,"[4, 8, 13, 18, 20]"
581,"[11, 14]"
582,"[5, 13, 16]"
583,"[5, 7, 13, 16]"
584,[7]
585,"[4, 7, 11, 14, 17]"
586,"[7, 11]"
587,"[7, 10, 14]"
588,[5]
589,[]
590,"[6, 8]"
591,"[3, 7, 9]"
592,"[3, 8]"
593,[3]
594,"[4, 6]"
595,[8]
596,"[5, 7]"
597,"[8, 13, 20]"
598,"[9, 16]"
599,"[2, 7, 10, 12, 17]"
600,[7]
601,"[9, 14]"
602,"[7, 13, 16]"
603,"[7, 14]"
604,"[4, 6]"
605,[]
606,[]
607,"[5, 7, 9, 11, 20, 28]"
608,"[7, 10, 13, 18, 21, 25, 27, 29]"
609,"[7, 11]"
610,"[5, 8, 12, 18, 20]"
611,[4]
612,"[2, 4, 12, 16, 25, 28]"
613,"[4, 6, 9, 16, 22, 25]"
614,"[6, 8, 12]"
615,"[6, 9]"
616,"[3, 6, 8, 13]"
617,[]
618,"[6, 8, 12]"
619,"[8, 15]"
620,"[4, 7, 10, 12]"
621,[]
622,"[2, 5, 8, 10, 17]"
623,"[2, 8, 10, 17, 19]"
624,"[14, 17, 21, 23]"
625,"[6, 9]"
626,"[6, 15, 19]"
627,"[6, 10, 13, 16, 20]"
628,"[5, 9]"
629,"[6, 9]"
630,[]
631,"[6, 8, 12]"
632,[]
633,"[4, 8, 10, 15]"
634,[]
635,"[4, 11]"
636,[]
637,[4]
638,"[7, 9, 12]"
639,"[9, 11]"
640,"[9, 14, 17]"
641,"[5, 8, 13, 15]"
642,"[5, 11, 16]"
643,"[6, 10, 14, 17]"
644,"[5, 7, 11]"
645,"[8, 10, 18, 26, 28, 34]"
646,"[8, 10, 18, 24, 26, 30, 34]"
647,"[15, 19, 23]"
648,"[3, 11, 13, 18, 34]"
649,"[5, 10, 15, 17, 20]"
650,"[5, 11, 18, 32]"
651,"[3, 6, 9, 13, 19, 28, 32]"
652,"[6, 8, 13, 16, 20, 23, 32]"
653,"[7, 11, 14, 19, 21]"
654,"[6, 12, 18, 22, 25]"
655,"[6, 16, 30, 32]"
656,"[8, 11, 15, 23, 27]"
657,"[9, 11, 19, 27, 29]"
658,"[10, 17, 27, 29]"
659,"[5, 7, 19, 26, 34]"
660,"[3, 5, 8, 14, 16, 22, 28, 32]"
661,"[7, 10, 13, 16]"
662,"[3, 6, 8, 17, 20]"
663,"[7, 11, 21]"
664,"[4, 12, 15, 19, 23, 29]"
665,"[5, 7, 11, 16]"
666,"[3, 8, 12, 20]"
667,"[4, 10, 15, 17, 20, 24, 26]"
668,"[4, 9, 11, 16]"
669,"[4, 9, 11, 13]"
670,"[7, 14, 30, 34]"
671,"[5, 7, 21, 31]"
672,"[12, 14, 16, 23, 35]"
673,"[20, 29, 38]"
674,"[4, 7, 10, 12, 15, 20, 27]"
675,"[3, 9, 22, 24, 28]"
676,"[4, 9, 15, 21]"
677,"[13, 24]"
678,"[7, 13, 17, 20, 24]"
679,"[4, 13, 18, 25]"
680,"[6, 8]"
681,"[7, 14, 30, 34]"
682,"[7, 28, 30]"
683,"[5, 7, 10, 17, 21, 24]"
684,"[11, 16, 23, 26, 31]"
685,[]
686,[9]
687,"[6, 14, 18, 21]"
688,"[5, 7, 11, 15]"
689,"[3, 7, 9, 17]"
690,"[4, 10, 14, 18]"
691,[6]
692,"[5, 7, 13, 17]"
693,[6]
694,"[4, 7, 10, 17]"
695,"[9, 11]"
696,"[5, 14]"
697,"[4, 6, 8, 12]"
698,"[4, 6, 11, 16]"
699,[10]
700,[11]
701,"[5, 9]"
702,"[10, 16]"
703,"[7, 20]"
704,"[3, 13, 16, 22]"
705,"[6, 16, 20, 26]"
706,"[5, 8, 11]"
707,"[3, 6, 10]"
708,"[3, 5, 9, 11]"
709,"[6, 9, 11]"
710,"[6, 9, 12]"
711,"[8, 13]"
712,"[5, 11, 16]"
713,[10]
714,[18]
715,"[13, 15, 19]"
716,"[8, 11, 20, 22, 24]"
717,"[2, 10, 17, 20]"
718,[7]
719,"[4, 8, 13]"
720,"[4, 6, 11]"
721,"[8, 12, 15]"
722,[7]
723,"[4, 9, 11]"
724,"[5, 9]"
725,"[5, 7, 9]"
726,[10]
727,"[4, 11, 17]"
728,"[8, 14, 20, 23]"
729,"[14, 27]"
730,"[4, 6, 11, 17, 22]"
731,"[11, 18, 20]"
732,"[7, 12, 15]"
733,"[7, 9, 12, 14, 22]"
734,"[2, 4, 11, 18]"
735,"[5, 12, 15, 18, 21]"
736,"[6, 17]"
737,"[4, 7, 15]"
738,"[6, 15, 20]"
739,"[5, 7, 11, 19]"
740,"[10, 12, 15, 19]"
741,"[6, 9, 14, 24]"
742,"[7, 10, 15, 18]"
743,"[6, 11, 18, 28]"
744,"[12, 15, 22, 27]"
745,"[5, 9, 12]"
746,"[9, 17, 22, 27, 34]"
747,"[12, 14, 19]"
748,"[5, 7, 13, 17, 19, 21]"
749,"[4, 8, 13, 23]"
750,"[4, 9, 13, 16, 25, 29, 31]"
751,"[5, 8, 14, 19]"
752,"[6, 13, 15, 18, 21, 25]"
753,"[6, 11, 15, 17, 22]"
754,"[7, 13, 21, 31]"
755,"[12, 18]"
756,"[7, 9, 14, 18, 23, 29]"
757,"[4, 11, 15, 19, 32, 35]"
758,"[6, 12, 16, 26, 29, 31]"
759,"[4, 7, 15, 19, 23, 30, 33, 39]"
760,"[7, 12, 14, 16, 23]"
761,"[6, 9, 21]"
762,"[10, 16, 20, 33, 36]"
763,"[7, 11]"
764,"[14, 16, 18]"
765,"[7, 11]"
766,"[4, 9, 14, 16, 24]"
767,"[4, 13, 22, 25, 27]"
768,"[2, 5, 8, 10, 12, 14, 18, 32, 39]"
769,"[5, 11, 17, 20, 30, 34]"
770,"[4, 12, 23, 37]"
771,"[4, 11, 13, 15, 29, 33, 38]"
772,"[5, 9, 11, 14]"
773,"[14, 16, 18]"
774,"[7, 10]"
775,"[12, 14, 16, 21]"
776,"[3, 8, 17, 20, 22]"
777,"[5, 9, 12, 19]"
778,"[5, 11, 18]"
779,"[4, 9, 15, 22]"
780,"[4, 9, 12, 14, 16, 21]"
781,"[6, 20, 27, 33]"
782,"[4, 10, 13, 17, 20, 29, 37]"
783,"[6, 9, 11, 13, 15]"
784,"[5, 13, 19, 23, 28, 36]"
785,"[9, 17, 38, 49]"
786,"[4, 21, 25]"
787,"[6, 16, 24, 27]"
788,"[6, 8, 15, 23, 25]"
789,"[6, 14, 18, 20, 28, 30]"
790,"[5, 8, 11, 14]"
791,"[3, 6, 11]"
792,"[5, 7, 17, 22, 25]"
793,"[4, 7, 10]"
794,"[3, 7, 9, 14, 19]"
795,"[12, 17, 25]"
796,"[16, 20, 23, 25, 31, 35]"
797,"[7, 10, 18, 22, 24, 30]"
798,"[5, 11, 14, 20, 22, 28]"
799,"[7, 15, 18, 21, 23, 31]"
800,"[3, 6, 11, 17]"
801,"[11, 19, 28, 34]"
802,"[5, 10, 13, 15, 19, 23]"
803,"[6, 9, 13, 15, 17, 23]"
804,"[13, 15, 21, 24]"
805,"[5, 7, 13, 17, 20, 22, 25, 27]"
806,"[5, 8, 13, 23]"
807,"[4, 8, 14, 19, 26]"
808,"[5, 10, 13, 16, 24]"
809,"[4, 10, 17, 26, 28, 31]"
810,"[6, 13, 23]"
811,"[8, 12, 23, 25]"
812,"[11, 21]"
813,"[7, 14, 18]"
814,"[9, 16, 19, 26]"
815,"[3, 7, 16]"
816,"[5, 12, 14, 24]"
817,"[6, 27]"
818,"[8, 14]"
819,"[6, 8, 15, 17, 20]"
820,"[4, 8, 12, 14, 16, 22, 25]"
821,"[9, 16, 19]"
822,"[5, 20, 24]"
823,"[4, 13, 19, 21, 27]"
824,"[8, 14, 23]"
825,"[3, 6, 9, 15, 21]"
826,"[5, 7, 12, 14, 20, 23, 27]"
827,"[4, 6, 10, 17, 22]"
828,"[17, 19, 22, 26]"
829,"[6, 11, 13, 16, 18, 22]"
830,"[3, 11, 14, 17, 19, 23, 26, 29]"
831,"[6, 18]"
832,"[6, 15, 26]"
833,"[8, 10, 12, 16, 18]"
834,"[4, 9, 16, 18, 20]"
835,"[5, 9, 13, 20]"
836,"[3, 15, 18, 20]"
837,"[7, 11, 17, 24]"
838,"[5, 10, 14, 16, 20, 23]"
839,"[7, 10, 14, 16, 23]"
840,"[9, 12, 23, 26]"
841,"[2, 6, 13]"
842,"[7, 9, 11, 14, 24]"
843,"[4, 6, 11, 15, 17, 21, 23]"
844,"[4, 11]"
845,"[5, 10, 16, 19]"
846,"[11, 14]"
847,"[5, 7, 9, 11]"
848,"[3, 15, 18, 20, 26]"
849,"[3, 5, 14, 18, 23, 26]"
850,"[7, 9, 15, 18, 23, 25]"
851,"[4, 8, 11, 16, 19]"
852,"[5, 15, 21]"
853,"[5, 8, 13, 21]"
854,"[7, 10, 14, 16, 23]"
855,"[10, 18, 22, 26, 28]"
856,"[19, 21, 23]"
857,"[5, 8, 19, 25, 29]"
858,"[7, 10, 14, 18, 24]"
859,"[7, 12, 19, 23, 25]"
860,"[4, 7, 11, 16, 20, 22]"
861,"[9, 17, 21, 29]"
862,"[4, 12, 16]"
863,"[4, 12, 16]"
864,"[15, 17, 21]"
865,"[6, 8, 20, 31]"
866,"[6, 16, 27, 30]"
867,"[9, 17, 27]"
868,"[17, 26]"
869,"[16, 18, 24]"
870,"[11, 19, 26, 28]"
871,"[7, 12, 14, 16, 21, 24, 28, 37, 42]"
872,"[5, 7]"
873,"[4, 8, 12, 14]"
874,"[7, 11, 16]"
875,"[4, 7, 13]"
876,"[7, 11, 13]"
877,[5]
878,"[5, 9]"
879,"[4, 8, 13]"
880,"[5, 11]"
881,"[7, 10]"
882,"[6, 9, 12, 17]"
883,"[6, 9]"
884,[5]
885,"[6, 9, 11]"
886,"[7, 11]"
887,"[6, 8, 13, 15]"
888,"[7, 10, 12]"
889,[9]
890,[10]
891,"[4, 10, 17]"
892,"[5, 7]"
893,[6]
894,[8]
895,"[4, 6, 8, 11, 14]"
896,[4]
897,"[4, 6, 9]"
898,"[4, 7, 9, 12, 14]"
899,"[5, 11]"
900,"[5, 7, 9]"
901,[6]
902,"[9, 11]"
903,"[6, 9, 12, 14, 21]"
904,"[4, 14]"
905,"[4, 11, 14, 17, 21]"
906,"[14, 16]"
907,"[4, 13, 20]"
908,"[8, 14, 17, 24, 28]"
909,"[8, 12, 14]"
910,"[8, 12, 14, 18]"
911,"[8, 15]"
912,"[5, 14, 19, 27, 29]"
913,"[5, 10, 14, 21, 24, 26, 33]"
914,"[4, 6, 13, 17, 19, 22]"
915,"[7, 14, 19, 22, 28]"
916,"[7, 13, 16, 23, 27]"
917,"[6, 12, 16, 18, 22]"
918,"[5, 13, 15, 20, 24]"
919,"[5, 12, 15, 18, 22]"
920,"[6, 13, 16, 20, 23]"
921,"[5, 14, 21, 25]"
922,"[7, 10, 13, 16, 28]"
923,"[7, 9, 15]"
924,"[3, 5, 7, 12, 19, 21]"
925,"[12, 17, 21, 23]"
926,"[3, 5, 7, 13, 16, 18, 20]"
927,"[7, 9, 12, 14, 16]"
928,"[14, 21]"
929,"[15, 20]"
930,"[4, 7, 11, 21]"
931,"[6, 8, 13, 16, 18, 21]"
932,"[7, 27]"
933,"[11, 14, 18]"
934,"[4, 6, 8, 14, 21, 24]"
935,"[7, 13, 15, 17, 20]"
936,"[8, 16, 22, 25]"
937,"[5, 8, 12, 14, 17, 20, 24]"
938,"[15, 21]"
939,"[6, 13, 16, 21, 26]"
940,"[6, 12, 14, 20]"
941,"[7, 10, 12, 15]"
942,"[8, 12, 15, 17]"
943,"[13, 22]"
944,"[9, 12, 16]"
945,"[9, 13, 17, 19, 28]"
946,"[6, 11, 16, 18]"
947,"[3, 13, 18, 23, 25]"
948,"[8, 11, 16, 20, 28]"
949,"[8, 10, 15, 18]"
950,"[8, 10, 15, 18]"
951,"[8, 11, 16, 24, 27]"
952,"[5, 8, 16, 19]"
953,"[8, 11]"
954,"[7, 13, 20, 24, 26]"
955,"[14, 16]"
956,"[6, 12, 14]"
957,"[9, 12, 15, 18, 20, 25, 29]"
958,"[4, 12, 16, 20]"
959,"[5, 10, 13, 18, 20]"
960,[12]
961,"[7, 11, 15]"
962,"[11, 15]"
963,[11]
964,"[11, 20]"
965,"[10, 12, 21]"
966,"[11, 20]"
967,"[4, 11, 20]"
968,[16]
969,[16]
970,"[4, 6, 14, 18, 24]"
971,"[4, 16, 20, 22, 27]"
972,"[15, 17]"
973,"[10, 17, 27, 29, 35]"
974,"[11, 14, 16]"
975,"[11, 14, 16, 31]"
976,"[4, 6, 19, 24]"
977,"[6, 9, 11, 13]"
978,"[4, 9, 12, 18, 20]"
979,"[7, 10, 17]"
980,"[6, 15]"
981,"[5, 8, 10, 16]"
982,[7]
983,[9]
984,"[6, 14, 23]"
985,"[5, 8, 12, 18, 23]"
986,"[6, 9, 12]"
987,"[9, 17, 20, 22, 27]"
988,"[4, 13, 17, 23, 31, 33]"
989,[]
990,[9]
991,"[4, 6, 13]"
992,"[3, 5, 12, 16, 18]"
993,"[3, 5, 10, 19]"
994,[10]
995,"[3, 5, 8]"
996,"[3, 5, 7, 13, 16, 20]"
997,"[3, 5, 7, 9, 12, 15]"
998,"[4, 7, 9, 12]"
999,"[3, 7, 11]"
1000,[4]
1001,"[3, 5, 7, 12, 16]"
1002,"[3, 5, 19, 22]"
1003,"[5, 11, 19, 27]"
1004,"[3, 5, 7, 12]"
